final_stock,intervention_strength,peak_stock,threshold_crossed,total_stock_over_time
432.194238,0.0,432.194238,True,7076.07899
242.726247,0.02,242.726247,False,5000.267818
134.784892,0.04,134.784892,False,3613.274047
73.970037,0.06,100.0,False,2676.966301
40.100707,0.08,100.0,False,2036.74381
21.463876,0.1,100.0,False,1592.186348
