{
  "context_pressure": 1.2990383,
  "historical_access": -0.66828949,
  "intercept": -0.66939341,
  "measurement_quality": -1.08888945,
  "prior_signal": 0.66428466
}