"calculator","true_count","epsilon","sensitivity","scale","noise","noisy_count"
"dp_count",248,0.25,1,4,15.234003943081,263.234003943081
"dp_count",248,0.5,1,2,7.61700197154048,255.61700197154
"dp_count",248,1,1,1,3.80850098577024,251.80850098577
"dp_count",248,2,1,0.5,1.90425049288512,249.904250492885
