index,sin_x_plus_x_squared,x
1,0.0,0.0
2,0.729426,0.5
3,1.841471,1.0
4,3.247495,1.5
5,4.909297,2.0
