"runs","threshold","mean","sd","min","max","exceedance_probability"
250,0.62,0.486264609242128,0.077567637095873,0.252639527112267,0.661210182694999,0.028
