comparison_sort_lower_bound_log2_factorial,n
1.0,2
2.584963,3
4.584963,4
15.299208,8
44.25014,16
117.663264,32
