{
  "feature_context": 0.8199814937239255,
  "feature_noise_proxy": 0.016613278331316584,
  "feature_signal": 1.4197806824597818,
  "intercept": -0.2625109742943797
}