constant,linear,log2_n,n,n_log2_n,quadratic
1,10,3.321928,10,33.219281,100
1,100,6.643856,100,664.385619,10000
1,1000,9.965784,1000,9965.784285,1000000
1,10000,13.287712,10000,132877.123795,100000000
