"processors","sequential_fraction","sequential_time","parallel_time","observed_speedup","observed_efficiency"
1,0.12,120,120,1,1
2,0.12,120,66,1.81818181818182,0.909090909090909
4,0.12,120,38,3.1578947368421,0.789473684210526
8,0.12,120,28,4.28571428571429,0.535714285714286
16,0.12,120,24,5,0.3125
32,0.12,120,22,5.45454545454545,0.170454545454545
