{
  "nearest_neighbor_route": [
    0,
    1,
    3,
    2,
    0
  ],
  "nearest_neighbor_cost": 33,
  "hill_climb_final_x": 2.499999999999992,
  "simulated_annealing": {
    "best_x": 2.764429704678323,
    "best_cost": -1.9406459359338246
  },
  "multi_seed_costs": {
    "mean": -1.9400184310683009,
    "stddev": 0.001461247658355463,
    "min": -1.9406555315900964,
    "max": -1.9357654791693881
  }
}