bias,learning_rate,loss,step,weight
0.495071,0.005,3.075909,40,1.068979
1.203375,0.02,0.120054,40,2.045731
1.494156,0.08,0.002822,40,2.183991
1.495556,0.2,0.00282,40,2.184
1.495556,0.5,0.00282,40,2.184
