feature_context,feature_noise_proxy,feature_signal,intercept
0.8199814937239255,0.016613278331316584,1.4197806824597818,-0.2625109742943797
