diverged,final_bias,final_loss,final_weight,learning_rate
False,0.494077,3.35015,0.975373,0.005
False,1.200959,0.193253,2.035893,0.02
False,1.491156,0.037368,2.260644,0.08
False,1.492553,0.037366,2.260731,0.2
False,1.492553,0.037366,2.260731,0.5
