alternative,normalized_access,normalized_burden,normalized_cost,normalized_emissions,normalized_risk,normalized_robustness,normalized_service_quality,weighted_score
F,1.0,1.0,0.0,1.0,1.0,1.0,1.0,0.85
C,0.904762,0.923077,0.28125,0.681818,0.928571,0.833333,0.863636,0.766313
E,0.761905,0.769231,0.625,0.909091,0.75,0.666667,0.5,0.708822
A,0.619048,0.692308,0.5625,0.363636,0.642857,0.541667,0.590909,0.567323
G,0.666667,0.615385,0.875,0.636364,0.464286,0.375,0.272727,0.555045
B,0.333333,0.461538,0.8125,0.545455,0.392857,0.333333,0.318182,0.456503
D,0.0,0.0,1.0,0.0,0.0,0.0,0.0,0.15
